Index,Task,LSA_Cmax,LSA_time,LSA_ERROR,LPT_Cmax,LPT_time,LPT_ERROR,Dynamic_Cmax,Dynamic_time,M
0,benchmarks2M2/pm_10_2_inst_01.txt,246,0.000703,2.92887029288703,245,0.00166,2.51046025104603,239,0.012405999999999999,10
1,benchmarks2M2/pm_20_2_inst_01.txt,575,0.001014,3.79061371841155,554,0.0023250000000000002,0,554,0.040442,20
2,benchmarks2M2/pm_50_2_inst_01.txt,1311,0.001367,2.58215962441315,1279,0.0033569999999999997,0.0782472613458529,1278,0.184528,50
3,benchmarks2M2/pm_100_2_inst_01.txt,2857,0.001555,0,2858,0.005986,0.0350017500875044,2857,0.8135319999999999,100
4,benchmarks2M2/pm_200_2_inst_01.txt,5282,0.002205,0.265755504935459,5268,0.011175000000000001,0,5268,2.52155,200
5,benchmarks2M2/pm_500_2_inst_01.txt,14180,0.003924,0.0846979107848673,14168,0.025882000000000002,0,14168,14.8791,500
6,benchmarks2M2/pm_1000_2_inst_01.txt,28236,0.006666,0.0177110268853388,28231,0.055649000000000004,0,28231,57.9256,1000
