Index,Task,PTAS_Cmax,PTAS_time,FPTAS_Cmax,FPTAS_time,Dynamic_Cmax,Dynamic_time
0,benchmarks2M2/pm_10_2_inst_01.txt,245,0.001739,239,0.002631,239,0.013016999999999999
1,benchmarks2M2/pm_20_2_inst_01.txt,554,0.00322,560,0.010971,554,0.037960999999999995
2,benchmarks2M2/pm_50_2_inst_01.txt,1279,0.004422000000000001,1279,0.052268,1278,0.199956
