Index,Task,FPTAS_Cmax,FPTAS_time,Dynamic_Cmax,Dynamic_time
0,benchmarks2M2/pm_10_2_inst_01.txt,239,0.004445,239,0.013210000000000001
1,benchmarks2M2/pm_20_2_inst_01.txt,560,0.010094,554,0.040705
2,benchmarks2M2/pm_50_2_inst_01.txt,1279,0.058825,1278,0.143144
3,benchmarks2M2/pm_100_2_inst_01.txt,2866,0.14487,2857,0.7737729999999999
4,benchmarks2M2/pm_200_2_inst_01.txt,5276,0.7036720000000001,5268,3.13436
5,benchmarks2M2/pm_500_2_inst_01.txt,14169,3.3686599999999998,14168,20.833199999999998
6,benchmarks2M2/pm_1000_2_inst_01.txt,28255,14.3823,28231,54.8959
